review,sentiment
"Emerald Heights offers a serene living environment away from the city's hustle and bustle. The views from the apartments are breathtaking, and the community is friendly. However, the connectivity to the main city can be an issue if you don't have a private vehicle. Overall, a great place for those who prefer peace and quiet.",positive
"The Maple Residency is a fantastic place to live. The apartments are spacious and well-ventilated, and the building amenities like the gym and pool are top-notch. The location is convenient, with schools and shopping centers nearby. The management is responsive and maintenance is prompt. Highly recommended for families!",positive
"I had a terrible experience living in Sunset Apartments. The maintenance was poor, and there were frequent issues with plumbing and electricity. The management was unresponsive to our complaints, making it frustrating to live there. I would not recommend it to anyone.",negative
"Valley View Residency looked promising at first, but it was a disappointment. The construction quality was subpar, and we faced constant leaks during the rainy season. The amenities were poorly maintained, and the noise from neighboring apartments was unbearable. Definitely not worth the investment.",negative
"Silver Oak Villas is a premium residential project with beautiful landscaping and modern amenities. The villas are well-designed and provide ample privacy. The clubhouse and parks are well-maintained. A bit on the expensive side, but worth the investment for the quality of living it offers.",positive
"Pearl Residency is a decent place to live with good-sized apartments and basic amenities. The maintenance could be better, and sometimes there are issues with water supply. The location is convenient, with markets and schools in the vicinity. Good for budget-conscious buyers.",positive
"Choutuppal is a poorly developed area with limited amenities. The water quality is poor, and there are frequent power outages. The lack of proper waste management leads to hygiene issues. Moreover, the connectivity to the main city is inadequate. It's not a suitable place for comfortable living.",negative
"I had a terrible experience living in Boduppal. The locality lacks proper infrastructure, and the roads are in a deplorable condition. There's a sewage problem, which leads to foul odors in the area. Safety is also a concern, especially at night. I would advise against considering Boduppal for residence.",negative
"Dilsukhnagar might seem affordable, but it comes with its set of problems. The area is overcrowded, and traffic congestion is a nightmare. Basic amenities like water and electricity are unreliable, and there's a lack of green spaces. The noise pollution from nearby markets and traffic makes it an unpleasant place to live.",negative
"Sunshine Apartments offer excellent value for money (The apartments are spacious and well-constructed).... The community is vibrant, and there are plenty of activities for kids. The only drawback is occasional traffic congestion in the area. Overall, a great choice for families.",positive
"Banjara Hills is one of the most upscale and sought-after localities in Hyderabad. The area boasts excellent infrastructure, top-notch schools, hospitals, and shopping centers. It's well-connected to other parts of the city, and the real estate here is premium. Perfect for those looking for a luxurious lifestyle.",positive
"Siddipet Town is a growing residential area with a mix of modern and traditional living. The infrastructure is improving, and there are plenty of schools and markets. The cost of living is reasonable, and it's a good place for those seeking a quieter lifestyle compared to the big cities. The only downside is the limited entertainment options.",positive
"Jubilee Hills is a posh residential neighborhood known for its upscale properties and affluent residents.<br></br> The area is dotted with lush parks, trendy cafes, and designer boutiques. It's well-connected to the city center and boasts excellent educational institutions, making it a prime choice for families seeking a luxurious lifestyle.",positive
"Valley View Residency looked promising at first, but it was a disappointment. The construction quality was subpar, and we faced constant leaks during the rainy season. The amenities were poorly maintained, and the noise from neighboring apartments was unbearable. Definitely not worth the investment.",negative
"I regret choosing Skyline Towers for my residence. 'The building management was negligent, and security was lax.' There were frequent instances of unauthorized entry, making me feel unsafe. The elevators were often out of service, and the common areas were dirty. It's a poorly managed property.",negative
"Royal Enclave is a well-planned residential community with lush green surroundings.... The apartments are well-designed and offer ample natural light. The gated community provides a sense of security, and the recreational facilities are a plus for families.",positive
"The Lotus Apartments offer comfortable living spaces with modern amenities. The location is convenient, with easy access to public transportation and nearby shopping centers. The management is responsive to maintenance requests, making it a hassle-free experience for residents.",positive
"Paradise Greens offers a serene living environment amidst nature. The lush greenery and landscaped gardens create a peaceful ambiance. The apartments are modern and stylishly designed. The only drawback is the distance from the city center, but the tranquility makes up for it.",positive
"Kothapet may seem convenient, but living here was a nightmare. The streets are perpetually congested, making it nearly impossible to navigate. Parking is a nightmare, with vehicles often blocking driveways and footpaths. The air quality is poor due to heavy traffic, and the lack of green spaces exacerbates the problem. Avoid at all costs if you value your peace of mind.",negative
"Ramagundam might have been a thriving industrial town once, but it's now a shadow of its former self. The infrastructure is crumbling, with pothole-ridden roads and inadequate drainage causing frequent flooding during the monsoon season. The pollution levels are off the charts due to industrial emissions, posing serious health hazards to residents. Not a place to raise a family.",negative
"Bodhan promised a peaceful retreat from the city, but it was anything but peaceful. The area is plagued by frequent power outages, leaving residents sweltering in the summer heat. The water supply is erratic, with muddy water flowing from the taps more often than not. The lack of basic amenities and entertainment options makes it feel like a ghost town. Stay away if you value your sanity.",negative
"Green Meadows was a disappointment from day one. The promised greenery was nonexistent, and the landscaping was poorly maintained. The sewage system frequently backed up, causing foul odors to permeate the entire complex. Security was lax, with unauthorized individuals often loitering around the premises. Definitely not worth the investment.",negative
"Tranquil Heights turned out to be anything but tranquil. The noise from neighboring apartments was constant, making it impossible to get a good night's sleep. The construction quality was shoddy, with cracks appearing on the walls within months of moving in. Management was unresponsive to our complaints, and the promised amenities were either non-functional or poorly maintained.",negative
"Kukatpally is a bustling residential area with a mix of residential and commercial spaces. The locality offers affordable housing options and has good connectivity to other parts of the city. With several malls, hospitals, and educational institutions nearby, it's a convenient choice for urban living.",positive
"Begumpet is a well-established residential area with a rich history and heritage. The neighborhood exudes charm with its tree-lined streets and colonial-era bungalows. It's a sought-after location for its proximity to the city center and upscale amenities like international schools and fine dining restaurants.",positive
"Malkajgiri is a diverse residential neighborhood with a mix of old and new properties. The area is bustling with activity, with markets, temples, and parks in close proximity. While the infrastructure is improving, traffic congestion can be a concern during peak hours. Overall, it's a vibrant locality with a strong sense of community.",positive
"Adilabad Town offers a laid-back lifestyle with its serene surroundings and friendly community. The town has a mix of residential and commercial spaces, with basic amenities like schools and hospitals easily accessible. It's an ideal choice for those seeking a peaceful retreat away from the city's hustle and bustle.",positive
"Nallakunta is a well-established residential area with a mix of old and new properties. The locality has good connectivity and essential amenities like schools, hospitals, and markets. However, traffic can be a major issue during peak hours. Suitable for those looking for a balanced lifestyle.",positive
"Gachibowli is a hub for IT professionals, with many tech companies and business parks located here. The residential options range from affordable apartments to luxury condos. The area is well-developed with excellent schools, hospitals, and shopping centers. A great place for young professionals and families alike.",positive
"Living in Sapphire Residency in Hyderabad has been a delight. The apartments are spacious and modern, with excellent ventilation and natural light. The location is prime, providing easy access to major shopping centers and schools. The complex itself is well-maintained, and the staff is very responsive and courteous. The amenities, including the gym and swimming pool, are kept in top condition, making it a great place for families.",positive
"Riverfront Villas in Khammam offer an exceptional living experience. The serene environment, combined with beautifully landscaped gardens, makes it a peaceful retreat from the city’s hustle. The villas are well-constructed with high-quality materials, and the community is friendly and welcoming. The security is robust, ensuring a safe living environment, and the proximity to essential services like supermarkets and healthcare facilities is a bonus.",positive
"Oakwood Apartments in Nalgonda stand out for their modern design and excellent amenities. The apartments are spacious and well-designed, providing a comfortable living space. The management team is proactive and ensures that maintenance issues are addressed promptly. The location is convenient, with good connectivity to major roads and public transport. The community area, including the playground and gardens, is perfect for families with children.",positive
"Living in Sunrise Towers in Hyderabad has been a frustrating experience. The building is plagued with maintenance issues, including frequent elevator breakdowns and water leakage. The management is unresponsive and slow to address complaints, making daily living a hassle. The promised amenities like the gym and pool are poorly maintained and often unusable. Additionally, the noise levels from nearby construction sites make it difficult to relax at home.",negative
"Royal Residency in Mahbubnagar was a disappointment. (The area suffers from poor infrastructure, with roads full of potholes and frequent power outages.) The apartment complex itself is not well-maintained, with common areas often dirty and neglected. The security is inadequate, leading to concerns about safety, especially at night. Overall, it does not live up to the advertised standards.",negative
"Shanti Apartments in Nizamabad failed to meet expectations. The apartments are cramped and poorly ventilated, making them uncomfortable to live in. The building has severe plumbing issues, resulting in frequent water shortages and leaks. The surrounding area is noisy and crowded, with limited parking space adding to the inconvenience. The management is indifferent to residents' concerns, leading to a generally unpleasant living experience.",negative
"Living in Chaderghat, Hyderabad has been challenging. The area is overcrowded, leading to constant traffic congestion and noise pollution. Basic infrastructure is lacking, with frequent power cuts and poor waste management resulting in unhygienic conditions. The locality also suffers from a shortage of green spaces and recreational areas, making it difficult for families to find places to relax and unwind.",negative
"Miryalguda in Nalgonda has not been a pleasant place to live. The town suffers from inadequate infrastructure, with roads in poor condition and irregular water supply. There are limited amenities in the vicinity, making daily living inconvenient. The public transport system is unreliable, and there is a general lack of entertainment and recreational options. Safety is also a concern, especially at night, due to inadequate street lighting and patrolling.",negative
"Living at Harmony Residences in Manikonda has been a wonderful experience. The apartments are beautifully designed with modern fittings and spacious layouts. The community is very friendly and there are numerous activities organized for both children and adults. The location is convenient with excellent connectivity to key areas in Hyderabad, and there are plenty of shopping and dining options nearby.<br><br/> The maintenance staff is efficient and the security is top-notch, making it a safe and pleasant place to live.",positive
"Crystal Gardens in Hanamkonda is an excellent choice for families. The apartments are well-constructed with a focus on quality and comfort. The complex is surrounded by lush greenery, creating a serene environment that is hard to find in the city. The amenities, including the clubhouse and gym, are well-maintained and the management is very responsive to any issues. The proximity to good schools and hospitals adds to the convenience of living here.",positive
"Lakshmi Villas in Siddipet offer a perfect blend of luxury and comfort. The villas are spacious and come with private gardens, which is a rare find. The community is secure with 24/7 surveillance and the maintenance team is very diligent. There are plenty of recreational facilities, including a swimming pool and a sports complex. The locality is developing rapidly with new shops and amenities coming up, making it a great place to invest and live.",positive
"My experience at Evergreen Apartments in Madhapur has been quite disappointing. The apartments, though advertised as luxurious, have numerous issues including poor ventilation and shoddy construction quality. There are frequent power outages and the backup systems are not reliable. The management is unresponsive and often ignores maintenance requests. The noise from nearby commercial establishments makes it difficult to have any peace and quiet.",negative
"Residing in Blue Sky Towers in Bhongir has been less than ideal. The property suffers from serious maintenance problems, with frequent issues in the plumbing and electrical systems. The elevators are often out of order and the cleanliness of common areas leaves much to be desired. The surrounding area is not well-developed and lacks basic amenities like decent grocery stores and parks. The overall living experience has been quite unsatisfactory.",negative
"Living in Sunrise Heights in Adilabad has been a frustrating ordeal. The apartments are not well-maintained and there are persistent issues with water leakage and mold. The locality is plagued by poor infrastructure, with broken roads and inadequate street lighting making it unsafe, especially at night. The promised amenities, such as the gym and pool, are either non-functional or poorly kept. The management’s lack of responsiveness only adds to the frustration of living here.",negative
"Living in Prestige Enclave in Sainikpuri has been a joy. The apartments are spacious and well-designed, providing a comfortable living environment. The community is vibrant and friendly, with various activities and events bringing residents together. The locality is quiet and green, which is perfect for families looking for a peaceful place to live. The security measures are thorough, and the maintenance staff is prompt and efficient, ensuring that the property is always in excellent condition.",positive
"Serene Villas in Maheshwaram are an excellent choice for those seeking tranquility and luxury. The villas are spacious, with beautiful interiors and well-manicured gardens. The community is well-secured, providing a safe environment for residents. The amenities, including a clubhouse, sports facilities, and a jogging track, are top-notch. The locality is rapidly developing, with new amenities and infrastructure being added regularly, making it a promising investment.",positive
"Living in Coral Residency in Alwal has been quite disappointing. The apartments suffer from poor construction quality, with frequent plumbing and electrical issues. The noise from nearby construction sites and traffic makes it difficult to enjoy any peace and quiet. The management is unresponsive and slow to address residents' concerns, which adds to the frustration. The locality also lacks good schools and hospitals, making it an inconvenient place for families.",negative
"Staying at Sunflower Apartments in Bolarum has been a frustrating ordeal. The building is old and poorly maintained, with frequent issues like water leaks and mold. The elevators often break down, and the common areas are dirty and neglected. The locality is noisy and overcrowded, with inadequate parking facilities adding to the inconvenience. The management's lack of responsiveness to residents' complaints only worsens the situation.",negative
"Living in Palm Grove Residences in Kompally has been a refreshing experience. The apartments are spacious and come with modern fittings. The community is well-planned with plenty of green spaces, which makes it a great place for families with children. The security is excellent, ensuring a safe environment for everyone. The location is also convenient, with good schools, hospitals, and shopping centers nearby, making daily life quite comfortable.",positive
"Golden Meadows in Kukatpally is a fantastic place to live. The apartments are well-constructed with ample natural light and ventilation. The complex boasts several amenities, including a well-equipped gym, a swimming pool, and a children's play area. The maintenance staff is responsive and keeps the property in excellent condition. The area is well-connected by public transport, and there are plenty of shops and restaurants within walking distance.",positive
"Residing in Skyline Apartments in Narsingi has been quite disappointing. The building suffers from poor construction quality, with cracks appearing in the walls and ceilings. The elevators are often out of service, and the maintenance staff is slow to respond to issues. The noise levels from the nearby highway are high, making it difficult to relax. Additionally, the locality lacks basic amenities like good schools and shopping centers, which adds to the inconvenience.",positive
"My experience at Heritage Towers in Chikkadpally has been frustrating. The apartments are small and poorly designed, with inadequate storage space. There are frequent power outages, and the backup systems are unreliable. The common areas are poorly maintained and often dirty. The locality is congested, with narrow streets and limited parking, making it difficult to navigate. The overall living conditions are far from satisfactory.",positive